I, 2738, 0.012721452
made, 2544, 0.011820078
advancement, 2310, 0.010732854
like, 2136, 0.009924405
Amelioratorj:, 1683, 0.007819651
need, 1662, 0.0077220793
_Create, 1475, 0.0068532294
theodorefox:, 1333, 0.006193461
one, 1314, 0.0061051818
Domveross:, 1253, 0.0058217603
joinedhadelmaede, 1175, 0.0054593524
make, 1128, 0.005240978
want, 1090, 0.0050644204
get, 1062, 0.0049343253
it's, 1043, 0.004846046
us, 977, 0.0045393934
looks, 916, 0.0042559714
oh, 889, 0.0041305227
know, 839, 0.00389821
farm, 809, 0.003758822
slain, 805, 0.003740237
think, 804, 0.0037355907
shot, 782, 0.0036333732
<@, 765, 0.0035543868
Beacon, 762, 0.003540448
Server, 755, 0.0035079243
going, 754, 0.003503278
many, 726, 0.0033731828
much, 724, 0.00336389
using, 712, 0.003308135
wait, 711, 0.003303489
see, 707, 0.003284904
well, 687, 0.0031919787
joinedremp3, 684, 0.00317804
would, 665, 0.0030897611
leftremp3, 649, 0.0030154209
timed, 646, 0.0030014822
hadelmaede, 645, 0.0029968359
Oh, 630, 0.002927142
work, 627, 0.0029132033
bit, 623, 0.0028946183
got, 621, 0.0028853258
you're, 612, 0.0028435094
clean, 603, 0.002801693
trying, 599, 0.002783108
help, 598, 0.002778462
pimp, 597, 0.0027738155
trade, 590, 0.0027412917
near, 586, 0.0027227066
rainbow, 583, 0.002708768
leftcdunsby, 581, 0.0026994755
Boyohazzard, 568, 0.002639074
build, 567, 0.0026344277
yeah, 565, 0.0026251352
really, 564, 0.002620489
say, 543, 0.0025229177
system, 541, 0.0025136252
might, 541, 0.0025136252
looking, 537, 0.0024950402
course, 524, 0.0024346388
tower, 523, 0.0024299924
guess, 505, 0.00234636
let, 503, 0.0023370674
The, 497, 0.0023091899
**, 495, 0.0022998974
There, 490, 0.002276666
dirt, 486, 0.002258081
love, 484, 0.0022487885
lots, 483, 0.0022441421
We, 480, 0.0022302035
Comm2, 477, 0.0022162646
5, 472, 0.0021930335
cool., 471, 0.002188387
finished, 470, 0.002183741
frame, 469, 0.0021790946
gotta, 466, 0.002165156
team, 460, 0.0021372782
better, 449, 0.0020861696
getting, 448, 0.0020815232
thing, 433, 0.0020118293
two, 430, 0.0019978906
Thank, 430, 0.0019978906
bones, 426, 0.0019793056
Boyohazzard:, 426, 0.0019793056
unwrap, 425, 0.0019746593
different, 424, 0.0019700131
too., 421, 0.0019560743
thathadelmaede:, 413, 0.0019189043
blocks, 410, 0.0019049655
idea, 408, 0.001895673
literally, 407, 0.0018910267
Altar, 404, 0.0018770879
ahahah, 398, 0.0018492104
Will, 394, 0.0018306253
aura, 394, 0.0018306253
dont, 392, 0.0018213328
beacon, 390, 0.0018120403
don't, 387, 0.0017981016
You, 387, 0.0017981016
ahahahtheodorefox:, 386, 0.0017934553
go, 383, 0.0017795165
we're, 381, 0.001770224
**Rainbows, 381, 0.001770224
Reboot, 381, 0.001770224
***Automatic, 381, 0.001770224
Rainbow, 381, 0.001770224
SERVER, 379, 0.0017609315
1, 379, 0.0017609315
Minutes***<>, 379, 0.0017609315
IN, 379, 0.0017609315
REBOOT, 379, 0.0017609315
***AUTOMATIC, 379, 0.0017609315
blown, 378, 0.0017562852
Stopped, 376, 0.0017469927
Started, 374, 0.0017377002
gay, 373, 0.0017330539
inside, 368, 0.0017098227
also, 366, 0.0017005302
game, 365, 0.0016958839
ahahahAmelioratorj:, 360, 0.0016726526
bigger, 360, 0.0016726526
I'm, 358, 0.00166336
shotsDomveross:, 355, 0.0016494213
good, 354, 0.001644775
soBoyohazzard:, 352, 0.0016354825
could, 349, 0.0016215438
modern, 344, 0.0015983125
Offering, 338, 0.0015704349
isn't, 332, 0.0015425574
look, 328, 0.0015239724
fly, 325, 0.0015100336
soon, 317, 0.0014728635
night, 313, 0.0014542785
kind, 312, 0.0014496322
built, 309, 0.0014356935
almost, 308, 0.0014310472
sends, 308, 0.0014310472
walls, 306, 0.0014217547
conveyor, 305, 0.0014171085
thanks, 304, 0.0014124622
I'd, 302, 0.0014031697
nice, 302, 0.0014031697
yup, 302, 0.0014031697
things, 301, 0.0013985235
nic, 301, 0.0013985235
chutes, 301, 0.0013985235
belts, 300, 0.0013938772
glitch, 299, 0.001389231
little, 298, 0.0013845847
assembler, 298, 0.0013845847
Forever**, 296, 0.0013752921
_Tame, 296, 0.0013752921
**Best, 296, 0.0013752921
cdunsby, 296, 0.0013752921
Friends, 296, 0.0013752921
leather, 296, 0.0013752921
animal_robot3humans0, 295, 0.0013706458
_Catch, 294, 0.0013659996
Business**, 294, 0.0013659996
**Fishy, 294, 0.0013659996
needed, 293, 0.0013613533
minecart, 293, 0.0013613533
storage, 293, 0.0013613533
breed, 293, 0.0013613533
gave, 293, 0.0013613533
cart., 293, 0.0013613533
site, 293, 0.0013613533
small, 293, 0.0013613533
unit, 293, 0.0013613533
cow, 293, 0.0013613533
wheat, 293, 0.0013613533
chest, 293, 0.0013613533
dropped, 293, 0.0013613533
anything, 293, 0.0013613533
model, 293, 0.0013613533
there's, 293, 0.0013613533
autofill, 293, 0.0013613533
tip, 293, 0.0013613533
free, 293, 0.0013613533
fish_hey, 293, 0.0013613533
tweaking, 293, 0.0013613533
needs, 293, 0.0013613533
feel, 293, 0.0013613533
remp3, 291, 0.0013520608
turrets, 290, 0.0013474146
Zombiesooooo, 290, 0.0013474146
IE, 290, 0.0013474146
üòÆhadelmaede, 289, 0.0013427683
sort, 289, 0.0013427683
sounds, 288, 0.0013381221
robot3humans0:, 287, 0.0013334758
lefthadelmaede, 286, 0.0013288296
aka, 285, 0.0013241833
joined<>, 285, 0.0013241833
MINUTE***hadelmaede, 283, 0.0013148908
leftServer, 282, 0.0013102446
sure, 280, 0.001300952
theo, 277, 0.0012870133
Amelioratorj, 277, 0.0012870133
joinedWonderAnchor, 275, 0.0012777208
joinedWonderAnchor:, 274, 0.0012730744
oh\hhAmelioratorj:, 273, 0.0012684282
noWonderAnchor:, 272, 0.0012637819
sorryAmelioratorj:, 271, 0.0012591357
double, 271, 0.0012591357
man, 270, 0.0012544894
I'll, 270, 0.0012544894
forgive, 270, 0.0012544894
ahahaAmelioratorj:, 270, 0.0012544894
knew, 269, 0.0012498432
time.WonderAnchor:, 269, 0.0012498432
Of, 268, 0.0012451969
real, 268, 0.0012451969
tho, 268, 0.0012451969
peak, 268, 0.0012451969
youAmelioratorj:, 268, 0.0012451969
Creeperremp3, 267, 0.0012405507
performance.Amelioratorj:, 267, 0.0012405507
how's, 267, 0.0012405507
For, 267, 0.0012405507
Good, 266, 0.0012359044
gunpowder, 266, 0.0012359044
WonderAnchor:, 266, 0.0012359044
dangerous., 265, 0.0012312582
Hmmm, 265, 0.0012312582
it.remp3, 264, 0.0012266119
If, 263, 0.0012219656
SkeletonWonderAnchor, 263, 0.0012219656
interact, 263, 0.0012219656
--, 262, 0.0012173194
leftBoyohazzard, 262, 0.0012173194
around, 261, 0.0012126731
Witch, 260, 0.0012080269
killed, 260, 0.0012080269
i'm, 260, 0.0012080269
set, 259, 0.0012033806
yet, 259, 0.0012033806
enchantment, 258, 0.0011987344
backwards..., 256, 0.0011894419
But, 256, 0.0011894419
"progress", 256, 0.0011894419
magicIt's, 256, 0.0011894419
"unveiling", 255, 0.0011847956
shots<@, 255, 0.0011847956
394208280102305814>, 255, 0.0011847956
785991160107761715>, 255, 0.0011847956
anyone, 255, 0.0011847956
801079134838325288>, 255, 0.0011847956
Should, 255, 0.0011847956
659874374329040926>, 255, 0.0011847956
coulduse, 254, 0.0011801494
name, 254, 0.0011801494
ton, 254, 0.0011801494
buisness, 254, 0.0011801494
leather., 254, 0.0011801494
goods, 254, 0.0011801494
price.Leather, 253, 0.0011755031
machine, 253, 0.0011755031
Save, 253, 0.0011755031
anymore, 253, 0.0011755031
monster, 253, 0.0011755031
trouble, 253, 0.0011755031
horrible, 253, 0.0011755031
making, 253, 0.0011755031
:O...perhaps, 252, 0.0011708568
show, 252, 0.0011708568
exchange, 252, 0.0011708568
perhaps, 251, 0.0011662105
trap, 251, 0.0011662105
oneis, 251, 0.0011662105
spike, 251, 0.0011662105
situationWho, 250, 0.0011615643
already, 250, 0.0011615643
constructed, 250, 0.0011615643
shows, 250, 0.0011615643
knowledge., 250, 0.0011615643
Desert, 250, 0.0011615643
withhold, 250, 0.0011615643
video, 250, 0.0011615643
watch, 249, 0.001156918
it.https:, 249, 0.001156918
www.youtube.com, 249, 0.001156918
v=9SIT8Pj6Ono&feature=youtu.begreat, 248, 0.0011522718
range, 247, 0.0011476255
Spy, 247, 0.0011476255
Little, 247, 0.0011476255
With, 247, 0.0011476255
Magnifier, 247, 0.0011476255
Mystical, 247, 0.0011476255
Eye**, 247, 0.0011476255
**I, 247, 0.0011476255
devices_theodorefox, 246, 0.0011429793
joinedBoyohazzard, 245, 0.001138333
Tainted, 245, 0.001138333
**Gold, 245, 0.001138333
Crimson, 245, 0.001138333
_Use, 245, 0.001138333
Factory**, 245, 0.001138333
create, 245, 0.001138333
Gold_hadelmaede, 244, 0.0011336867
hate, 242, 0.0011243942
pretty, 242, 0.0011243942
Zombiei, 242, 0.0011243942
contribute, 241, 0.001119748
ahaha, 241, 0.001119748
gather, 241, 0.001119748
chickensthe, 241, 0.001119748
pods, 240, 0.0011151017
attach, 240, 0.0011151017
Whatever, 240, 0.0011151017
you'd, 240, 0.0011151017
(lighting), 240, 0.0011151017
city, 240, 0.0011151017
Contribute, 240, 0.0011151017
survive, 240, 0.0011151017
towers, 240, 0.0011151017
etc, 240, 0.0011151017
essentials, 240, 0.0011151017
connections, 240, 0.0011151017
inhabitants, 240, 0.0011151017
stop, 239, 0.0011104555
take, 238, 0.0011058092
Would, 238, 0.0011058092
"unwrap", 238, 0.0011058092
time, 237, 0.001101163
Time, 236, 0.0010965167
ready, 236, 0.0010965167
others, 236, 0.0010965167
pointAmelioratorj:, 234, 0.0010872242
definitely, 234, 0.0010872242
helpedDomveross, 233, 0.001082578
stuff, 232, 0.0010779317
joinedBoyohazzard:, 232, 0.0010779317
helloAmelioratorj:, 231, 0.0010732855
youre, 231, 0.0010732855
full, 230, 0.0010686391
lets, 230, 0.0010686391
"finished"theodorefox:, 230, 0.0010686391
probably, 230, 0.0010686391
outside., 230, 0.0010686391
We'd, 229, 0.0010639929
climb-ableDomveross:, 228, 0.0010593466
hauled, 227, 0.0010547003
unload, 227, 0.0010547003
heytheodorefox:, 227, 0.0010547003
houseAmelioratorj:, 226, 0.0010500541
like..., 226, 0.0010500541
Compactor, 226, 0.0010500541
string, 226, 0.0010500541
Why, 226, 0.0010500541
cleaner, 226, 0.0010500541
llol, 225, 0.0010454078
thinking, 225, 0.0010454078
that., 225, 0.0010454078
sorting, 225, 0.0010454078
know., 225, 0.0010454078
tried, 224, 0.0010407616
add, 224, 0.0010407616
resources, 224, 0.0010407616
hereAmelioratorj:, 224, 0.0010407616
still, 224, 0.0010407616
How's, 223, 0.0010361153
roonAmelioratorj:, 223, 0.0010361153
everything, 222, 0.0010314691
resources..., 222, 0.0010314691
:)theodorefox:, 222, 0.0010314691
break, 222, 0.0010314691
types, 222, 0.0010314691
seperate, 222, 0.0010314691
areas, 222, 0.0010314691
p, 221, 0.0010268228
Just, 221, 0.0010268228
fiddlyBoyohazzard:, 221, 0.0010268228
good., 221, 0.0010268228
way, 221, 0.0010268228
till, 220, 0.0010221766
room, 220, 0.0010221766
treeAmelioratorj:, 220, 0.0010221766
Yeah, 220, 0.0010221766
sectored, 220, 0.0010221766
Let, 219, 0.0010175303
Staffs, 219, 0.0010175303
find, 219, 0.0010175303
offAmelioratorj:, 219, 0.0010175303
staffs, 218, 0.0010128841
dotheodorefox:, 218, 0.0010128841
quite, 217, 0.0010082378
thoAmelioratorj:, 216, 0.0010035916
staff, 216, 0.0010035916
diamonds, 216, 0.0010035916
hundread, 216, 0.0010035916
flash, 215, 9.989453E-4
you'll, 215, 9.989453E-4
Dom, 215, 9.989453E-4
seem, 214, 9.942991E-4
benift, 214, 9.942991E-4
tohave, 214, 9.942991E-4
doubtDomveross:, 214, 9.942991E-4
lookedDomveross:, 213, 9.896528E-4
XDAmelioratorj:, 212, 9.850066E-4
sparkle, 212, 9.850066E-4
atleast, 212, 9.850066E-4
makes, 211, 9.803603E-4
post, 211, 9.803603E-4
sparklewith, 211, 9.803603E-4
Ohhh, 210, 9.75714E-4
SkeletonBoyohazzard, 210, 9.75714E-4
HAve, 210, 9.75714E-4
guys, 210, 9.75714E-4
lightAmelioratorj:, 210, 9.75714E-4
considering, 209, 9.7106776E-4
it...Domveross:, 208, 9.664215E-4
wanting, 207, 9.6177525E-4
joinedtheodorefox, 207, 9.6177525E-4
brand, 206, 9.57129E-4
wanted, 206, 9.57129E-4
teamAmelioratorj:, 205, 9.5248275E-4
least, 205, 9.5248275E-4
hahaAmelioratorj:, 202, 9.3854393E-4
debate, 202, 9.3854393E-4
Taking, 202, 9.3854393E-4
"choice", 202, 9.3854393E-4
whole, 202, 9.3854393E-4
structure, 201, 9.338977E-4
levelAmelioratorj:, 201, 9.338977E-4
height, 201, 9.338977E-4
This, 200, 9.2925143E-4
eviltheodorefox:, 199, 9.246052E-4
shovelAmelioratorj:, 198, 9.199589E-4
agreementAmelioratorj:, 197, 9.153127E-4
SLAVERY, 197, 9.153127E-4
heat, 196, 9.106664E-4
**Cozy, 196, 9.106664E-4
Firestarter, 196, 9.106664E-4
Extraneous, 196, 9.106664E-4
Warmth**, 196, 9.106664E-4
furnace_Amelioratorj:, 195, 9.0602017E-4
whenever, 195, 9.0602017E-4
gonna, 194, 9.013739E-4
put, 194, 9.013739E-4
readyBoyohazzard, 194, 9.013739E-4
beam_Amelioratorj:, 193, 8.9672767E-4
:OBoyohazzard:, 192, 8.9208136E-4
roof, 192, 8.9208136E-4
bow, 191, 8.874351E-4
superiority, 191, 8.874351E-4
wishtheodorefox:, 190, 8.8278885E-4
fast, 189, 8.781426E-4
screenshotsAmelioratorj:, 189, 8.781426E-4
nope, 188, 8.7349635E-4
document.Domveross, 187, 8.688501E-4
beam_theodorefox:, 186, 8.6420384E-4
half-wayy, 186, 8.6420384E-4
in-progress, 186, 8.6420384E-4
jump, 186, 8.6420384E-4
rainbowBoyohazzard:, 184, 8.5491134E-4
:0Amelioratorj:, 183, 8.502651E-4
running, 182, 8.4561884E-4
Bart, 182, 8.4561884E-4
back., 182, 8.4561884E-4
please, 182, 8.4561884E-4
forms, 182, 8.4561884E-4
questions, 181, 8.409725E-4
allegorical, 181, 8.409725E-4
low...Amelioratorj:, 181, 8.409725E-4
beaconAmelioratorj:, 179, 8.3168E-4
In, 177, 8.223875E-4
iron, 177, 8.223875E-4
joinedHi, 177, 8.223875E-4
>:(Domveross:, 174, 8.0844876E-4
tool, 173, 8.038025E-4
secBoyohazzard:, 173, 8.038025E-4
premodern, 172, 7.9915626E-4
thought, 172, 7.9915626E-4
affect, 172, 7.9915626E-4
crops, 172, 7.9915626E-4
library, 172, 7.9915626E-4
youd, 172, 7.9915626E-4
give, 172, 7.9915626E-4
project, 172, 7.9915626E-4
keep, 171, 7.9451E-4
picturestheodorefox:, 171, 7.9451E-4
littlecortado:, 169, 7.8521745E-4
ehhBoyohazzard:, 169, 7.8521745E-4
ooohhhAmelioratorj:, 168, 7.805712E-4
bottomDomveross:, 167, 7.7592494E-4
Wonderful, 166, 7.712787E-4
nowAmelioratorj:, 166, 7.712787E-4
modernity, 165, 7.6663244E-4
Minecraft, 165, 7.6663244E-4
hell, 164, 7.619862E-4
awesomeBoyohazzard:, 164, 7.619862E-4
You're, 164, 7.619862E-4
yeahhalfway, 163, 7.5733993E-4
works, 162, 7.526937E-4
ohhhh., 162, 7.526937E-4
unwrappedtheodorefox:, 162, 7.526937E-4
drill, 162, 7.526937E-4
wellAmelioratorj:, 161, 7.4804743E-4
grab, 160, 7.434012E-4
vital, 160, 7.434012E-4
despawns.....Boyohazzard, 159, 7.3875487E-4
Natural, 159, 7.3875487E-4
Ritual, 159, 7.3875487E-4
**Empowered**, 159, 7.3875487E-4
something, 158, 7.341086E-4
Forest_Amelioratorj:, 157, 7.2946236E-4
drawer, 157, 7.2946236E-4
screenshotstheodorefox:, 156, 7.248161E-4
great, 156, 7.248161E-4
tooAmelioratorj:, 155, 7.2016986E-4
new, 154, 7.155236E-4
office, 154, 7.155236E-4
ahahahahAmelioratorj:, 154, 7.155236E-4
That's, 154, 7.155236E-4
lol, 153, 7.1087736E-4
pickaxe, 152, 7.062311E-4
trappedAmelioratorj:, 152, 7.062311E-4
use, 151, 7.0158485E-4
try, 151, 7.0158485E-4
wasn't, 150, 6.969386E-4
outAmelioratorj:, 150, 6.969386E-4
ya, 149, 6.9229235E-4
glitchtheodorefox:, 149, 6.9229235E-4
spaces, 148, 6.8764604E-4
together, 148, 6.8764604E-4
walk, 148, 6.8764604E-4
tighter, 148, 6.8764604E-4
wingstheodorefox:, 148, 6.8764604E-4
understand, 148, 6.8764604E-4
purist, 147, 6.829998E-4
farms, 147, 6.829998E-4
throughtheodorefox:, 147, 6.829998E-4
davidAmelioratorj:, 146, 6.7835354E-4
cleaning, 145, 6.737073E-4
messy, 145, 6.737073E-4
task, 145, 6.737073E-4
swimmingAmelioratorj:, 145, 6.737073E-4
dunno, 144, 6.6906103E-4
actual, 144, 6.6906103E-4
there., 144, 6.6906103E-4
Iron, 143, 6.644148E-4
**Gear, 143, 6.644148E-4
Infused, 143, 6.644148E-4
Pickaxe, 143, 6.644148E-4
Up, 143, 6.644148E-4
Intensifies**, 143, 6.644148E-4
columnsBoyohazzard, 143, 6.644148E-4
kinda, 142, 6.597685E-4
Blade_Amelioratorj:, 142, 6.597685E-4
side, 142, 6.597685E-4
lack, 142, 6.597685E-4
modernist, 141, 6.551223E-4
cornersAmelioratorj:, 141, 6.551223E-4
leftlittlecortado, 140, 6.50476E-4
hit, 140, 6.50476E-4
lightning, 140, 6.50476E-4
flyingaroundAmelioratorj:, 139, 6.458298E-4
Must, 137, 6.365372E-4
kool, 137, 6.365372E-4
flying, 137, 6.365372E-4
ith, 137, 6.365372E-4
rainw, 137, 6.365372E-4
lightingDomveross:, 136, 6.3189096E-4
lot, 136, 6.3189096E-4
funDomveross:, 135, 6.272447E-4
done, 135, 6.272447E-4
people, 135, 6.272447E-4
tend, 135, 6.272447E-4
lookingat, 135, 6.272447E-4
cooltheodorefox:, 134, 6.2259845E-4
leastDomveross, 133, 6.179522E-4
leftAmelioratorj:, 132, 6.1330595E-4
indeedtheodorefox:, 131, 6.086597E-4
texture, 131, 6.086597E-4
outer, 131, 6.086597E-4
cuz, 131, 6.086597E-4
wall, 131, 6.086597E-4
layers, 131, 6.086597E-4
fishing, 131, 6.086597E-4
leave, 131, 6.086597E-4
figure, 131, 6.086597E-4
coolAmelioratorj:, 130, 6.0401345E-4
ill, 129, 5.993672E-4
alrightAmelioratorj:, 129, 5.993672E-4
heading, 129, 5.993672E-4
bittheodorefox:, 128, 5.9472094E-4
hopper, 128, 5.9472094E-4
screen, 127, 5.900747E-4
zzzzAmelioratorj:, 127, 5.900747E-4
discordtheodorefox:, 126, 5.854284E-4
Imperceptible, 125, 5.807821E-4
Plop, 125, 5.807821E-4
Placement**, 125, 5.807821E-4
**Plop, 125, 5.807821E-4
place, 125, 5.807821E-4
building, 125, 5.807821E-4
Builder, 125, 5.807821E-4
elements, 124, 5.761359E-4
Sounds, 124, 5.761359E-4
you_Amelioratorj:, 124, 5.761359E-4
handyAmelioratorj, 121, 5.621971E-4
leftHave, 118, 5.4825837E-4
rest, 118, 5.4825837E-4
<3Boyohazzard:, 117, 5.436121E-4
bon, 117, 5.436121E-4
first, 115, 5.3431955E-4
tall, 115, 5.3431955E-4
even, 115, 5.3431955E-4
trees, 115, 5.3431955E-4
begins, 115, 5.3431955E-4
spread, 115, 5.3431955E-4
max, 115, 5.3431955E-4
soirIt, 115, 5.3431955E-4
corner, 115, 5.3431955E-4
although, 115, 5.3431955E-4
God, 114, 5.296733E-4
**Yo, 114, 5.296733E-4
;)Boyohazzard, 114, 5.296733E-4
Ya, 114, 5.296733E-4
Table, 114, 5.296733E-4
Want, 114, 5.296733E-4
Gods_hadelmaede, 113, 5.2502705E-4
Cave, 112, 5.203808E-4
Spiderremp3, 111, 5.1573454E-4
Light**, 110, 5.110883E-4
Ingot, 110, 5.110883E-4
Skies, 110, 5.110883E-4
**Sturdy, 110, 5.110883E-4
Gods_remp3, 109, 5.0644204E-4
Creepertheodorefox, 107, 4.9714954E-4
lefttheodorefox, 106, 4.925033E-4
putting, 104, 4.8321075E-4
far, 104, 4.8321075E-4
leftdid, 104, 4.8321075E-4
tiny, 104, 4.8321075E-4
im, 104, 4.8321075E-4
system., 104, 4.8321075E-4
metals, 104, 4.8321075E-4
management, 104, 4.8321075E-4
here.theodorefox, 103, 4.785645E-4
boneslittlecortado:, 98, 4.553332E-4
Skeletonremp3, 98, 4.553332E-4
house, 97, 4.5068696E-4
left<>, 96, 4.4604068E-4
shop, 94, 4.3674817E-4
open, 94, 4.3674817E-4
MINUTE***Server, 94, 4.3674817E-4
robot3humans0, 92, 4.2745567E-4
back, 92, 4.2745567E-4
light, 92, 4.2745567E-4
hahaha, 92, 4.2745567E-4
Control, 91, 4.2280942E-4
up., 91, 4.2280942E-4
lecture, 91, 4.2280942E-4
ideology, 91, 4.2280942E-4
ever, 91, 4.2280942E-4
dealing, 91, 4.2280942E-4
Friendly, 91, 4.2280942E-4
possible., 91, 4.2280942E-4
inspiration, 91, 4.2280942E-4
depends, 91, 4.2280942E-4
ability, 91, 4.2280942E-4
"Colonization, 91, 4.2280942E-4
respects, 91, 4.2280942E-4
sign, 91, 4.2280942E-4
email, 91, 4.2280942E-4
permission, 91, 4.2280942E-4
reminder:, 91, 4.2280942E-4
ask, 91, 4.2280942E-4
@everyone:, 91, 4.2280942E-4
Simon, 91, 4.2280942E-4
earliest, 91, 4.2280942E-4
game., 91, 4.2280942E-4
directly., 91, 4.2280942E-4
(bart.simon@concordia.ca), 91, 4.2280942E-4
", 91, 4.2280942E-4
Lecture, 91, 4.2280942E-4
participation., 91, 4.2280942E-4
allegorithmic, 90, 4.1816314E-4
related, 90, 4.1816314E-4
üèÜ, 90, 4.1816314E-4
*exactly*, 90, 4.1816314E-4
(that, 90, 4.1816314E-4
somewhere, 90, 4.1816314E-4
DarrenMake, 90, 4.1816314E-4
occasion, 90, 4.1816314E-4
course., 90, 4.1816314E-4
save, 90, 4.1816314E-4
experience, 90, 4.1816314E-4
procedures, 90, 4.1816314E-4
(aka, 90, 4.1816314E-4
actions, 90, 4.1816314E-4
material, 90, 4.1816314E-4
thinking), 90, 4.1816314E-4
reading, 90, 4.1816314E-4
decide, 90, 4.1816314E-4
thinking)., 90, 4.1816314E-4
hard, 90, 4.1816314E-4
drive, 90, 4.1816314E-4
done.robot3humans0, 89, 4.135169E-4
leftrobot3humans0, 88, 4.0887063E-4
joinedAmelioratorj, 87, 4.0422438E-4
proposal., 86, 3.9957813E-4
sky, 86, 3.9957813E-4
Library, 86, 3.9957813E-4
intriguing, 86, 3.9957813E-4
elaborate, 86, 3.9957813E-4
technological, 86, 3.9957813E-4
twitter.com, 86, 3.9957813E-4
proceed, 86, 3.9957813E-4
Engineering's, 86, 3.9957813E-4
space, 86, 3.9957813E-4
proposed, 86, 3.9957813E-4
glass, 86, 3.9957813E-4
shade, 86, 3.9957813E-4
(a), 86, 3.9957813E-4
floor, 86, 3.9957813E-4
degree, 86, 3.9957813E-4
And, 86, 3.9957813E-4
engineering., 86, 3.9957813E-4
antimodern, 86, 3.9957813E-4
Bienecke, 86, 3.9957813E-4
photo, 86, 3.9957813E-4
crop, 86, 3.9957813E-4
be., 86, 3.9957813E-4
commitment, 86, 3.9957813E-4
sky), 86, 3.9957813E-4
chests, 86, 3.9957813E-4
electrical, 86, 3.9957813E-4
opposite, 86, 3.9957813E-4
last, 86, 3.9957813E-4
rare, 86, 3.9957813E-4
wants, 86, 3.9957813E-4
them., 86, 3.9957813E-4
deviate, 86, 3.9957813E-4
(i.e., 86, 3.9957813E-4
interior, 86, 3.9957813E-4
magical., 86, 3.9957813E-4
completely, 86, 3.9957813E-4
staging, 86, 3.9957813E-4
"basic", 86, 3.9957813E-4
(placing, 86, 3.9957813E-4
lapis, 86, 3.9957813E-4
Both, 86, 3.9957813E-4
(c), 86, 3.9957813E-4
dramatic., 86, 3.9957813E-4
processing, 86, 3.9957813E-4
colours, 86, 3.9957813E-4
cloches, 86, 3.9957813E-4
Glowshroom, 86, 3.9957813E-4
Aura, 86, 3.9957813E-4
spare, 86, 3.9957813E-4
shelves, 86, 3.9957813E-4
allegorizing, 86, 3.9957813E-4
normal, 86, 3.9957813E-4
mechanics., 86, 3.9957813E-4
design:, 86, 3.9957813E-4
status, 86, 3.9957813E-4
look., 86, 3.9957813E-4
book, 86, 3.9957813E-4
noted, 86, 3.9957813E-4
As, 86, 3.9957813E-4
without, 86, 3.9957813E-4
relationship, 86, 3.9957813E-4
1150621756148858880, 86, 3.9957813E-4
addition, 86, 3.9957813E-4
Quark, 86, 3.9957813E-4
may, 86, 3.9957813E-4
books, 86, 3.9957813E-4
water, 86, 3.9957813E-4
2)., 86, 3.9957813E-4
candles, 86, 3.9957813E-4
VazkiiMods, 86, 3.9957813E-4
consider, 86, 3.9957813E-4
move, 86, 3.9957813E-4
Comm, 86, 3.9957813E-4
projects, 86, 3.9957813E-4
i.e., 86, 3.9957813E-4
grindstones, 86, 3.9957813E-4
enchanted, 86, 3.9957813E-4
Immersive, 86, 3.9957813E-4
(b), 86, 3.9957813E-4
results, 86, 3.9957813E-4
worth, 86, 3.9957813E-4
dispensers, 86, 3.9957813E-4
systems, 86, 3.9957813E-4
Lanterns, 86, 3.9957813E-4
panes, 86, 3.9957813E-4
first., 86, 3.9957813E-4
opportunity, 86, 3.9957813E-4
windmills, 86, 3.9957813E-4
growth, 86, 3.9957813E-4
promoting, 86, 3.9957813E-4
chain), 86, 3.9957813E-4
semi-automation, 86, 3.9957813E-4
etc., 86, 3.9957813E-4
"natural", 86, 3.9957813E-4
easier, 86, 3.9957813E-4
flushing, 86, 3.9957813E-4
Nature's, 86, 3.9957813E-4
polar, 86, 3.9957813E-4
hoppers, 86, 3.9957813E-4
emphasize, 86, 3.9957813E-4
better., 86, 3.9957813E-4
stained, 86, 3.9957813E-4
https:, 86, 3.9957813E-4
early, 86, 3.9957813E-4
Sea, 86, 3.9957813E-4
1:, 86, 3.9957813E-4
(which, 86, 3.9957813E-4
premodern;, 86, 3.9957813E-4
automate, 86, 3.9957813E-4
approaches., 86, 3.9957813E-4
intervening, 86, 3.9957813E-4
anvils, 86, 3.9957813E-4
magic., 86, 3.9957813E-4
Candles, 86, 3.9957813E-4
mature, 86, 3.9957813E-4
conveyors, 86, 3.9957813E-4
procedures.robot3humans0, 85, 3.9493185E-4
leftDamn, 84, 3.902856E-4
freaking, 84, 3.902856E-4
awesomeremp3, 83, 3.8563935E-4
ingame, 83, 3.8563935E-4
thank, 83, 3.8563935E-4
Zombierobot3humans0, 81, 3.7634684E-4
SkeletonEphapsis7, 79, 3.670543E-4
joinedEphapsis7, 78, 3.6240806E-4
Spiderrobot3humans0, 76, 3.5311555E-4
right, 75, 3.484693E-4
track, 75, 3.484693E-4
doubt, 75, 3.484693E-4
It's, 75, 3.484693E-4
relief, 75, 3.484693E-4
lectures, 74, 3.4382302E-4
warms, 74, 3.4382302E-4
writing, 74, 3.4382302E-4
readings, 74, 3.4382302E-4
How, 74, 3.4382302E-4
heart, 74, 3.4382302E-4
It, 74, 3.4382302E-4
When, 74, 3.4382302E-4
cockles, 74, 3.4382302E-4
extension, 74, 3.4382302E-4
this., 74, 3.4382302E-4
seedy, 74, 3.4382302E-4
question:, 74, 3.4382302E-4
welcome., 74, 3.4382302E-4
items, 73, 3.3917677E-4
skelly, 70, 3.25238E-4
joinedlittlecortado, 70, 3.25238E-4
joinedrobot3humans0, 68, 3.1594548E-4
everyone, 67, 3.1129923E-4
whatever, 67, 3.1129923E-4
hello, 67, 3.1129923E-4
keeps, 67, 3.1129923E-4
passing, 67, 3.1129923E-4
reason, 67, 3.1129923E-4
joinedlittlecortado:, 67, 3.1129923E-4
helloou, 67, 3.1129923E-4
knowrobot3humans0:, 66, 3.0665298E-4
kids, 66, 3.0665298E-4
display, 65, 3.0200672E-4
bullshitlittlecortado:, 65, 3.0200672E-4
bull, 65, 3.0200672E-4
picturing, 65, 3.0200672E-4
walks, 64, 2.9736047E-4
hehehehe, 64, 2.9736047E-4
sometimes, 64, 2.9736047E-4
"trash", 64, 2.9736047E-4
pull, 64, 2.9736047E-4
dungrobot3humans0:, 64, 2.9736047E-4
bowlsremp3, 63, 2.927142E-4
head, 61, 2.834217E-4
leftlittlecortado:, 61, 2.834217E-4
meal, 61, 2.834217E-4
extra, 61, 2.834217E-4
bone, 61, 2.834217E-4
:)robot3humans0:, 60, 2.7877543E-4
:O, 59, 2.7412918E-4
nah, 58, 2.6948293E-4
giftlittlecortado:, 57, 2.6483665E-4
have..., 56, 2.601904E-4
ominous, 56, 2.601904E-4
..., 56, 2.601904E-4
LOTS, 56, 2.601904E-4
bonesrobot3humans0:, 55, 2.5554415E-4
wonder, 54, 2.508979E-4
...littlecortado:, 54, 2.508979E-4
fortune, 53, 2.4625164E-4
telling, 53, 2.4625164E-4
ominous...littlecortado:, 53, 2.4625164E-4
class's, 52, 2.4160538E-4
spookylittlecortado:, 52, 2.4160538E-4
tell, 52, 2.4160538E-4
speaking, 51, 2.3695912E-4
language, 51, 2.3695912E-4
unfortunately, 51, 2.3695912E-4
futuresrobot3humans0:, 51, 2.3695912E-4
planners, 50, 2.3231286E-4
skyrim, 49, 2.276666E-4
iirc, 49, 2.276666E-4
hmmmmrobot3humans0:, 49, 2.276666E-4
filled, 49, 2.276666E-4
camera, 48, 2.2302034E-4
picture, 48, 2.2302034E-4
pile, 48, 2.2302034E-4
mean, 47, 2.1837409E-4
inventory, 47, 2.1837409E-4
"throw", 47, 2.1837409E-4
float, 47, 2.1837409E-4
magical, 46, 2.1372784E-4
ominousrobot3humans0:, 46, 2.1372784E-4
photoshoppped, 46, 2.1372784E-4
wildly, 46, 2.1372784E-4
picks, 45, 2.0908157E-4
long, 45, 2.0908157E-4
ungothlittlecortado:, 45, 2.0908157E-4
uplittlecortado:, 44, 2.0443532E-4
campfires, 44, 2.0443532E-4
what's, 43, 1.9978906E-4
exist..., 43, 1.9978906E-4
pearls, 43, 1.9978906E-4
annoying, 43, 1.9978906E-4
spooookyrobot3humans0:, 43, 1.9978906E-4
crystal, 43, 1.9978906E-4
ender, 43, 1.9978906E-4
hmmm, 43, 1.9978906E-4
potential, 43, 1.9978906E-4
hahahaha, 43, 1.9978906E-4
part, 42, 1.951428E-4
"display", 42, 1.951428E-4
globes...robot3humans0:, 42, 1.951428E-4
big, 42, 1.951428E-4
gamelittlecortado:, 41, 1.9049655E-4
ends, 41, 1.9049655E-4
odds, 41, 1.9049655E-4
"esoterica", 41, 1.9049655E-4
prizes, 40, 1.858503E-4
gamerobot3humans0:, 40, 1.858503E-4
hoarding, 40, 1.858503E-4
mistaken, 39, 1.8120403E-4
i've, 39, 1.8120403E-4
maybe, 39, 1.8120403E-4
cases, 39, 1.8120403E-4
(semi)secretlittlecortado:, 39, 1.8120403E-4
closest, 39, 1.8120403E-4
logos, 39, 1.8120403E-4
seen, 39, 1.8120403E-4
block, 38, 1.7655778E-4
mall, 38, 1.7655778E-4
that's, 37, 1.7191151E-4
referring, 36, 1.6726526E-4
trading, 36, 1.6726526E-4
red, 36, 1.6726526E-4
thats, 36, 1.6726526E-4
itlittlecortado:, 36, 1.6726526E-4
opening, 36, 1.6726526E-4
torobot3humans0:, 35, 1.62619E-4
horse, 35, 1.62619E-4
always, 35, 1.62619E-4
spookiest, 35, 1.62619E-4
wearable, 35, 1.62619E-4
argue, 35, 1.62619E-4
endermanrobot3humans0:, 34, 1.5797274E-4
yes, 34, 1.5797274E-4
v, 33, 1.5332649E-4
invest, 32, 1.4868024E-4
doablelittlecortado:, 32, 1.4868024E-4
run, 30, 1.3938772E-4
100%, 30, 1.3938772E-4
i'll, 29, 1.3474147E-4
reallittlecortado:, 29, 1.3474147E-4
discussion, 28, 1.300952E-4
okay, 28, 1.300952E-4
special, 28, 1.300952E-4
gatherrobot3humans0:, 28, 1.300952E-4
collect, 28, 1.300952E-4
merits, 28, 1.300952E-4
actually, 28, 1.300952E-4
yourobot3humans0:, 27, 1.2544895E-4
awww, 26, 1.2080269E-4
bonemeal4dayzlittlecortado:, 26, 1.2080269E-4
dinner, 26, 1.2080269E-4
dragon, 26, 1.2080269E-4
littlecortado, 25, 1.1615643E-4
left<@, 24, 1.1151017E-4
obsidian, 24, 1.1151017E-4
lights, 24, 1.1151017E-4
649643046656278541>, 24, 1.1151017E-4
spooky, 23, 1.0686392E-4
spawnrobot3humans0:, 23, 1.0686392E-4
gettin', 23, 1.0686392E-4
joined, 23, 1.0686392E-4
murdered, 23, 1.0686392E-4
left, 23, 1.0686392E-4
mine, 22, 1.0221766E-4
n‚Äô, 22, 1.0221766E-4
loop., 22, 1.0221766E-4
displaying, 22, 1.0221766E-4
automated, 22, 1.0221766E-4
mobs...an, 22, 1.0221766E-4
stone, 22, 1.0221766E-4
work., 22, 1.0221766E-4
timers, 22, 1.0221766E-4
option, 22, 1.0221766E-4
carts, 22, 1.0221766E-4
sitting, 22, 1.0221766E-4
plinth, 22, 1.0221766E-4
dispenser, 22, 1.0221766E-4
chaotic, 22, 1.0221766E-4
regather, 22, 1.0221766E-4
dispenses, 22, 1.0221766E-4
rainshower, 21, 9.75714E-5
recycling, 20, 9.292515E-5
perpetually, 20, 9.292515E-5
dropping, 20, 9.292515E-5
plate, 19, 8.827889E-5
trigger, 19, 8.827889E-5
chute, 19, 8.827889E-5
pressure, 19, 8.827889E-5
someone, 19, 8.827889E-5
bonesyes, 19, 8.827889E-5
around.boneshower...robot3humans0:, 17, 7.898637E-5
hahahah, 17, 7.898637E-5
day, 16, 7.434012E-5
omgrobot3humans0:, 16, 7.434012E-5
63, 16, 7.434012E-5
high, 16, 7.434012E-5
incidentally, 16, 7.434012E-5
chuterobot3humans0:, 15, 6.969386E-5
AND, 14, 6.50476E-5
automatically, 14, 6.50476E-5
contain, 14, 6.50476E-5
hook, 14, 6.50476E-5
signal, 14, 6.50476E-5
second, 14, 6.50476E-5
item, 14, 6.50476E-5
recommendation., 14, 6.50476E-5
outside, 14, 6.50476E-5
spine, 14, 6.50476E-5
opens, 14, 6.50476E-5
it‚Äôs, 14, 6.50476E-5
mouth, 14, 6.50476E-5
drawers, 14, 6.50476E-5
spoooooky., 14, 6.50476E-5
4scbut, 14, 6.50476E-5
frames, 14, 6.50476E-5
massive, 13, 6.0401344E-5
closes.what, 13, 6.0401344E-5
kyle, 12, 5.5755085E-5
seriously, 12, 5.5755085E-5
showed, 12, 5.5755085E-5
hilariousyup, 11, 5.110883E-5
workshop., 11, 5.110883E-5
freaks, 11, 5.110883E-5
working, 10, 4.6462574E-5
eyerobot3humans0:, 10, 4.6462574E-5
moving, 10, 4.6462574E-5
quantities, 10, 4.6462574E-5
materialsrobot3humans0:, 9, 4.1816314E-5
straight, 9, 4.1816314E-5
lucky, 9, 4.1816314E-5
coordsrobot3humans0:, 8, 3.717006E-5
diagonal, 8, 3.717006E-5
explained, 8, 3.717006E-5
gotten, 7, 3.25238E-5
convenient, 7, 3.25238E-5
inclinethat‚Äôs, 7, 3.25238E-5
dipping, 6, 2.7877542E-5
toes, 6, 2.7877542E-5
cool, 6, 2.7877542E-5
Skeleton, 5, 2.3231287E-5
gets, 5, 2.3231287E-5
belted, 5, 2.3231287E-5
Creeper, 4, 1.858503E-5
magic, 4, 1.858503E-5
itvery, 4, 1.858503E-5
amounts, 3, 1.3938771E-5
shots, 3, 1.3938771E-5
breeding, 3, 1.3938771E-5
apparently, 3, 1.3938771E-5
handy, 3, 1.3938771E-5
Zombie, 3, 1.3938771E-5
Spider, 2, 9.292515E-6
it., 2, 9.292515E-6
MINUTE***, 2, 9.292515E-6
beam_, 2, 9.292515E-6
awesome, 2, 9.292515E-6
soir, 2, 9.292515E-6
Minutes***, 2, 9.292515E-6
:), 2, 9.292515E-6
Forest_, 2, 9.292515E-6
screenshots, 2, 9.292515E-6
Gods_, 2, 9.292515E-6
<3, 1, 4.6462574E-6
flyingaround, 1, 4.6462574E-6
wish, 1, 4.6462574E-6
roon, 1, 4.6462574E-6
unwrapped, 1, 4.6462574E-6
Blade_, 1, 4.6462574E-6
indeed, 1, 4.6462574E-6
ahahahah, 1, 4.6462574E-6
bottom, 1, 4.6462574E-6
closes., 1, 4.6462574E-6
XD, 1, 4.6462574E-6
wings, 1, 4.6462574E-6
point, 1, 4.6462574E-6
eye, 1, 4.6462574E-6
sec, 1, 4.6462574E-6
tree, 1, 4.6462574E-6
doable, 1, 4.6462574E-6
document., 1, 4.6462574E-6
you_, 1, 4.6462574E-6
zzzz, 1, 4.6462574E-6
agreement, 1, 4.6462574E-6
coords, 1, 4.6462574E-6
ungoth, 1, 4.6462574E-6
bullshit, 1, 4.6462574E-6
dung, 1, 4.6462574E-6
"finished", 1, 4.6462574E-6
haha, 1, 4.6462574E-6
sorry, 1, 4.6462574E-6
ooohhh, 1, 4.6462574E-6
climb-able, 1, 4.6462574E-6
ominous..., 1, 4.6462574E-6
level, 1, 4.6462574E-6
procedures., 1, 4.6462574E-6
around.boneshower..., 1, 4.6462574E-6
situation, 1, 4.6462574E-6
Darren, 1, 4.6462574E-6
(semi)secret, 1, 4.6462574E-6
hilarious, 1, 4.6462574E-6
cowseek, 1, 4.6462574E-6
chickens, 1, 4.6462574E-6
bonemeal4dayz, 1, 4.6462574E-6
üòÆ, 1, 4.6462574E-6
low..., 1, 4.6462574E-6
alright, 1, 4.6462574E-6
futures, 1, 4.6462574E-6
discord, 1, 4.6462574E-6
Gold_, 1, 4.6462574E-6
spooooky, 1, 4.6462574E-6
materials, 1, 4.6462574E-6
here., 1, 4.6462574E-6
furnace_, 1, 4.6462574E-6
fun, 1, 4.6462574E-6
david, 1, 4.6462574E-6
spawn, 1, 4.6462574E-6
enderman, 1, 4.6462574E-6
:(, 1, 4.6462574E-6
trapped, 1, 4.6462574E-6
pictures, 1, 4.6462574E-6
price., 1, 4.6462574E-6
fish_, 1, 4.6462574E-6
mobs..., 1, 4.6462574E-6
incline, 1, 4.6462574E-6
oh\hh, 1, 4.6462574E-6
cowseekrobot3humans0:, 1, 4.6462574E-6
corners, 1, 4.6462574E-6
helped, 1, 4.6462574E-6
shovel, 1, 4.6462574E-6
gift, 1, 4.6462574E-6
4sc, 1, 4.6462574E-6
devices_, 1, 4.6462574E-6
bowls, 1, 4.6462574E-6
swimming, 1, 4.6462574E-6
animal_, 1, 4.6462574E-6
hey, 1, 4.6462574E-6
hmmmm, 1, 4.6462574E-6
evil, 1, 4.6462574E-6
looked, 1, 4.6462574E-6
it..., 1, 4.6462574E-6
globes..., 1, 4.6462574E-6
>:(, 1, 4.6462574E-6
despawns....., 1, 4.6462574E-6
columns, 1, 4.6462574E-6
ehh, 1, 4.6462574E-6
fiddly, 1, 4.6462574E-6
done., 1, 4.6462574E-6
cows, 1, 4.6462574E-6
omg, 1, 4.6462574E-6
lighting, 1, 4.6462574E-6
around., 1, 4.6462574E-6
performance., 1, 4.6462574E-6
time., 1, 4.6462574E-6
v=9SIT8Pj6Ono&feature=youtu.be, 1, 4.6462574E-6
:0, 1, 4.6462574E-6
;), 1, 4.6462574E-6
